text,rating,date
Works well on my device.,1,2025-04-14
The multiple profiles is full of glitches. Fix it please!,1,2025-04-14
create watchlists is buggy and frustrating to use.,1,2025-04-21
This app would be good if the enjoy streaming actually worked.,1,2025-04-09
I have mixed feelings about the any device.,3,2025-03-01
Can't get it to work properly.,2,2025-01-24
This app would be good if the multiple profiles actually worked.,2,2025-04-13
"Great create watchlists, intuitive and easy to use!",5,2025-04-02
"Not sure about the create watchlists, it's a bit hit or miss.",3,2025-02-02
The access exclusive original content is full of glitches. Fix it please!,1,2025-04-21
"The different family members is amazing, best app I've used.",4,2025-04-03
I'm really enjoying the access exclusive original content in this update.,5,2025-04-23
I'm really enjoying the different family members in this update.,4,2025-03-29
I love the tv shows! It works perfectly.,4,2025-01-06
Simple and easy to use.,3,2025-04-18
Too many ads!,5,2024-11-26
"Terrible app, don't waste your time.",3,2025-03-29
I love the review movies! It works perfectly.,5,2025-05-06
get notifications is buggy and frustrating to use.,1,2025-04-09
Not worth the storage space.,4,2025-04-30
"The the go is amazing, best app I've used.",5,2025-03-13
The set profiles is functional but basic.,3,2025-02-03
The enjoy streaming is functional but basic.,3,2024-12-24
Works well on my device.,1,2025-03-04
The browse content is functional but basic.,3,2024-12-17
"I'm using the different family members occasionally, it's decent.",3,2025-03-31
Works well on my device.,5,2025-02-15
This app has a great save data that makes everything easier.,4,2025-02-07
Too many ads!,2,2025-03-16
This app would be good if the our platform actually worked.,2,2025-02-12
The playback quality is full of glitches. Fix it please!,2,2024-12-09
Love it!,3,2025-01-27
"The browse content is okay, but could be better.",3,2025-01-17
This app would be good if the review movies actually worked.,1,2025-01-12
"The enjoy streaming works, but it's nothing special.",3,2025-01-24
The save data is full of glitches. Fix it please!,2,2024-12-24
I hate how the save data keeps crashing.,2,2025-02-18
"The new episodes is okay, but could be better.",3,2025-04-05
receive recommendations is buggy and frustrating to use.,1,2024-12-08
This app would be good if the review movies actually worked.,2,2025-02-09
I'm really enjoying the set profiles in this update.,5,2024-12-02
"I'm using the download content occasionally, it's decent.",3,2024-11-22
enjoy streaming is buggy and frustrating to use.,1,2025-01-17
App keeps crashing on my phone.,3,2024-12-13
browse content is buggy and frustrating to use.,1,2025-02-15
I hate how the review movies keeps crashing.,1,2025-02-09
This app would be good if the enjoy streaming actually worked.,1,2025-01-28
App keeps crashing on my phone.,1,2024-12-05
"The our platform is amazing, best app I've used.",4,2024-12-13
tv shows is exactly what I needed. Great job!,4,2025-03-15
This app has a great the go that makes everything easier.,5,2024-12-02
I hate how the access exclusive original content keeps crashing.,1,2025-04-16
This app is great!,1,2025-01-13
"I'm using the enjoy streaming occasionally, it's decent.",3,2024-11-28
Needs improvement.,1,2025-02-25
I'm really enjoying the your favorite shows in this update.,4,2025-02-16
"The browse content is amazing, best app I've used.",4,2025-04-09
"The receive recommendations is okay, but could be better.",3,2025-04-02
Can't get it to work properly.,4,2024-12-16
I have mixed feelings about the browse content.,3,2025-05-09
"Disappointed with the personalized recommendations, needs improvement.",2,2025-03-12
Too many ads!,4,2025-01-31
The save data is functional but basic.,3,2024-11-27
"I'm using the our platform occasionally, it's decent.",3,2025-03-15
Works well on my device.,1,2025-03-07
This app has a great tv shows that makes everything easier.,5,2025-03-15
The browse content is functional but basic.,3,2025-01-09
"The playback quality works flawlessly, very impressed.",4,2025-04-10
Worth the download.,3,2025-04-19
download content is buggy and frustrating to use.,1,2025-04-30
"The the go is amazing, best app I've used.",4,2025-03-13
Needs improvement.,4,2024-11-20
This app has a great access exclusive original content that makes everything easier.,5,2025-02-24
App keeps crashing on my phone.,2,2024-12-20
"The get notifications works flawlessly, very impressed.",5,2025-03-08
Simple and easy to use.,5,2025-04-09
"The personalized recommendations works flawlessly, very impressed.",5,2025-05-14
I hate how the create watchlists keeps crashing.,2,2025-03-10
"Disappointed with the set profiles, needs improvement.",2,2025-03-24
I love the review movies! It works perfectly.,5,2025-01-21
Simple and easy to use.,2,2024-11-29
"I'm using the save data occasionally, it's decent.",3,2024-12-10
Not worth the storage space.,2,2025-02-19
Too many ads!,2,2025-02-21
Can't get it to work properly.,3,2024-12-24
Simple and easy to use.,2,2025-04-30
I love the set profiles! It works perfectly.,4,2025-02-15
Love it!,4,2025-05-10
Too many ads!,4,2025-04-02
Not worth the storage space.,3,2025-03-17
Can't get the set profiles to work properly. Uninstalling!,2,2025-02-28
Worth the download.,4,2025-02-02
Can't get the set profiles to work properly. Uninstalling!,2,2025-05-04
Too many ads!,1,2025-03-19
"Great review movies, intuitive and easy to use!",5,2025-04-15
This app has a great any device that makes everything easier.,5,2024-11-21
Finally an app with a good download content. Five stars!,5,2025-01-13
Simple and easy to use.,2,2024-11-17
Can't get the personalized recommendations to work properly. Uninstalling!,2,2024-12-28
The download content is full of glitches. Fix it please!,1,2025-04-10
enjoy streaming is buggy and frustrating to use.,1,2025-03-25
"The new episodes is okay, but could be better.",3,2025-02-25
"Great receive recommendations, intuitive and easy to use!",4,2024-12-26
Needs improvement.,5,2025-02-14
Too many ads!,5,2025-03-21
This app would be good if the receive recommendations actually worked.,2,2025-04-15
Too many ads!,5,2025-03-06
I have mixed feelings about the tv shows.,3,2024-12-10
"Not sure about the receive recommendations, it's a bit hit or miss.",3,2025-03-06
"The unlimited streaming is amazing, best app I've used.",5,2024-12-20
I have mixed feelings about the receive recommendations.,3,2025-02-25
"Disappointed with the set profiles, needs improvement.",1,2025-05-07
The our platform is full of glitches. Fix it please!,2,2025-01-21
"Disappointed with the your favorite shows, needs improvement.",2,2025-04-27
"Disappointed with the tv shows, needs improvement.",2,2025-04-12
"The new episodes is terrible, doesn't work at all.",2,2024-12-28
Can't get it to work properly.,5,2025-03-13
The enjoy streaming is full of glitches. Fix it please!,1,2025-01-16
Love it!,3,2025-03-12
Simple and easy to use.,1,2025-05-02
"Disappointed with the multiple profiles, needs improvement.",2,2025-01-31
The playback quality is functional but basic.,3,2024-12-10
I have mixed feelings about the save data.,3,2025-01-17
the go is exactly what I needed. Great job!,5,2025-05-02
"Average the go, does what it's supposed to do.",3,2025-01-02
"Terrible app, don't waste your time.",2,2025-03-29
I love the review movies! It works perfectly.,5,2025-02-03
Needs improvement.,4,2025-03-12
"Great set profiles, intuitive and easy to use!",4,2024-12-28
multiple profiles is buggy and frustrating to use.,2,2025-01-07
"The our platform works, but it's nothing special.",3,2025-05-11
I'm really enjoying the unlimited streaming in this update.,5,2024-12-20
"Disappointed with the get notifications, needs improvement.",2,2025-04-28
save data is exactly what I needed. Great job!,5,2025-01-25
"I'm using the new episodes occasionally, it's decent.",3,2025-03-06
your favorite shows is exactly what I needed. Great job!,4,2025-01-15
"The your favorite shows works flawlessly, very impressed.",4,2025-01-27
"The access exclusive original content is amazing, best app I've used.",4,2025-02-05
The get notifications is full of glitches. Fix it please!,1,2024-12-19
"Not sure about the multiple profiles, it's a bit hit or miss.",3,2025-05-13
playback quality is buggy and frustrating to use.,1,2025-01-03
This app has a great personalized recommendations that makes everything easier.,5,2025-04-19
Simple and easy to use.,3,2024-12-24
"The enjoy streaming is terrible, doesn't work at all.",2,2025-01-11
Finally an app with a good different family members. Five stars!,5,2025-02-12
new episodes is exactly what I needed. Great job!,4,2024-12-14
"Average our platform, does what it's supposed to do.",3,2024-11-21
Simple and easy to use.,2,2025-02-25
I hate how the create watchlists keeps crashing.,2,2025-03-26
This app would be good if the download content actually worked.,1,2025-02-16
new episodes is exactly what I needed. Great job!,4,2025-03-18
App keeps crashing on my phone.,5,2024-12-10
I love the enjoy streaming! It works perfectly.,5,2025-03-06
This app has a great save data that makes everything easier.,4,2025-03-15
The unlimited streaming is full of glitches. Fix it please!,1,2024-12-29
Can't get the personalized recommendations to work properly. Uninstalling!,1,2025-01-09
I love the unlimited streaming! It works perfectly.,4,2025-03-18
App keeps crashing on my phone.,2,2025-03-11
Simple and easy to use.,1,2025-04-04
I have mixed feelings about the save data.,3,2025-03-21
Works well on my device.,4,2025-01-23
Not worth the storage space.,1,2025-01-18
The receive recommendations is full of glitches. Fix it please!,1,2025-02-20
"I'm using the download content occasionally, it's decent.",3,2025-01-16
The receive recommendations is too complicated and confusing.,2,2025-05-06
"Not sure about the receive recommendations, it's a bit hit or miss.",3,2025-02-01
Works well on my device.,1,2025-01-29
"The multiple profiles works flawlessly, very impressed.",4,2025-04-28
I love the receive recommendations! It works perfectly.,5,2025-02-19
Love it!,2,2025-02-03
"The review movies is amazing, best app I've used.",5,2025-01-21
The the go is too complicated and confusing.,2,2025-02-23
"Average review movies, does what it's supposed to do.",3,2024-11-20
download content is exactly what I needed. Great job!,5,2025-02-10
"The multiple profiles is terrible, doesn't work at all.",1,2025-05-05
I have mixed feelings about the playback quality.,3,2025-02-09
The browse content is full of glitches. Fix it please!,2,2025-01-15
Simple and easy to use.,5,2024-12-17
"Not sure about the any device, it's a bit hit or miss.",3,2024-11-19
"The review movies is terrible, doesn't work at all.",2,2025-02-05
The set profiles is full of glitches. Fix it please!,2,2025-01-30
"The tv shows works flawlessly, very impressed.",5,2025-03-20
Can't get the unlimited streaming to work properly. Uninstalling!,2,2025-05-02
browse content is exactly what I needed. Great job!,4,2025-03-23
Needs improvement.,1,2025-04-17
This app has a great enjoy streaming that makes everything easier.,5,2024-12-25
This app has a great your favorite shows that makes everything easier.,4,2024-12-05
"The receive recommendations is amazing, best app I've used.",4,2024-11-23
The browse content is functional but basic.,3,2025-03-06
"Terrible app, don't waste your time.",4,2025-04-06
Finally an app with a good download content. Five stars!,4,2025-02-10
This app would be good if the any device actually worked.,1,2025-04-13
This app is great!,5,2025-02-27
Can't get it to work properly.,4,2025-02-24
I love the get notifications! It works perfectly.,4,2025-04-02
This app has a great save data that makes everything easier.,4,2025-03-25
"Disappointed with the different family members, needs improvement.",2,2025-05-02
Needs improvement.,5,2025-02-10
Simple and easy to use.,5,2025-04-01
Love it!,4,2025-01-19
